timeStr,type,overloadTime,eventId,homeScore,awayScore,profileUrl,isHome,ownGoal,goalDescription,isPenaltyShootoutEvent,fullName,shortName,playerId,newScore,penShootoutScore,assistStr,assistProfileUrl,assistPlayerId,assistKey,assistInput,shotmapEvent.id,shotmapEvent.eventType,shotmapEvent.teamId,shotmapEvent.playerId,shotmapEvent.playerName,shotmapEvent.x,shotmapEvent.y,shotmapEvent.min,shotmapEvent.minAdded,shotmapEvent.isBlocked,shotmapEvent.isOnTarget,shotmapEvent.blockedX,shotmapEvent.blockedY,shotmapEvent.goalCrossedY,shotmapEvent.goalCrossedZ,shotmapEvent.expectedGoals,shotmapEvent.expectedGoalsOnTarget,shotmapEvent.shotType,shotmapEvent.situation,shotmapEvent.period,shotmapEvent.isOwnGoal,shotmapEvent.onGoalShot.x,shotmapEvent.onGoalShot.y,shotmapEvent.onGoalShot.zoomRatio,shotmapEvent.isSavedOffLine,shotmapEvent.isFromInsideBox,shotmapEvent.keeperId,shotmapEvent.firstName,shotmapEvent.lastName,shotmapEvent.fullName,shotmapEvent.shortName,shotmapEvent.teamColor,card,cardDescription,minutesAddedStr,minutesAddedKey,minutesAddedInput,halfStrShort,halfStrKey,VAR.pendingDecision,VAR.decision.key,VAR.decision.value,addedTime,penalty,VAR,injuredPlayerOut,substitution_name,substitution_id,substitution_profileUrl
10,Goal,,14229460.0,0,0,/players/831489/alexis-mac-allister,True,,Header,False,Alexis Mac Allister,Mac Allister,831489.0,"[1, 0]",,assist by Lionel Messi,/players/30981/lionel-messi,30981.0,assist_by,Lionel Messi,2946905565.0,Goal,6706.0,831489.0,Alexis Mac Allister,100.25862069,37.864047621,10.0,,False,True,,,31.1025,1.2585263096000001,0.14413025975227356,0.7814807891845703,Header,FromCorner,FirstHalf,False,1.7665343915343916,0.3329434681481482,1.0,False,True,764018.0,Alexis,Mac Allister,Alexis Mac Allister,Mac Allister,#63addf,,,,,,,,,,,,,,,,,
44,Card,,14229479.0,1,0,/players/527103/breel-embolo,False,,,,Breel Embolo,,527103.0,,,,,,,,,,,,,,,,,,,,,,,,,,,,,,,,,,,,,,,,Yellow,,,,,,,,,,,,,,,,
45,AddedTime,,,1,0,,,,,,,,,,,,,,,,,,,,,,,,,,,,,,,,,,,,,,,,,,,,,,,,,,+ 4 minutes added,added_injury_time,4.0,,,,,,,,,,,,
45,Half,,,1,0,,,,,,,,,,,,,,,,,,,,,,,,,,,,,,,,,,,,,,,,,,,,,,,,,,,,,HT,halftime_short,,,,,,,,,,
67,Goal,,14229508.0,1,0,/players/1022649/dan-ndoye,False,,,False,Dan Ndoye,,1022649.0,"[1, 1]",,assist by Ricardo Rodríguez,/players/115591/ricardo-rodriguez,115591.0,assist_by,Ricardo Rodríguez,2946931979.0,Goal,6717.0,1022649.0,Dan Ndoye,101.3017241382,45.2619108239,67.0,,False,True,,,34.0,0.0834736838,0.1400570124387741,0.1752166599035263,RightFoot,RegularPlay,SecondHalf,False,1.0,0.02208298513227513,1.0,False,True,268375.0,Dan,Ndoye,Dan Ndoye,,#DD4145,,,,,,,,,,,,,,,,,
69,VAR,,14229510.0,1,1,/players/237606/leandro-paredes,True,,,,,,,,,,,,,,,,,,,,,,,,,,,,,,,,,,,,,,,,,,,,,,,,,,,,,False,['var_yellow_card_removed'],['Yellow card cancelled'],,,,,,,
72,Card,,14229513.0,1,1,/players/527103/breel-embolo,False,,,,Breel Embolo,,527103.0,,,,,,,,,,,,,,,,,,,,,,,,,,,,,,,,,,,,,,,,YellowRed,,,,,,,,,,,,,,,,
,Comment,,0.0,1,1,,False,,,False,,,,,,,,,,,,,,,,,,,,,,,,,,,,,,,,,,,,,,,,,,,,,,,,,,,,,,False,,,,,
78,Substitution,0.0,,1,1,,True,,,,,,,,,,,,,,,,,,,,,,,,,,,,,,,,,,,,,,,,,,,,,,,,,,,,,,,,,,,False,Nicolás González,841672,/players/841672/nicolas-gonzalez
85,Substitution,0.0,,1,1,,True,,,,,,,,,,,,,,,,,,,,,,,,,,,,,,,,,,,,,,,,,,,,,,,,,,,,,,,,,,,False,Gonzalo Montiel,687008,/players/687008/gonzalo-montiel
85,Substitution,0.0,,1,1,,True,,,,,,,,,,,,,,,,,,,,,,,,,,,,,,,,,,,,,,,,,,,,,,,,,,,,,,,,,,,False,Lautaro Martínez,690230,/players/690230/lautaro-martinez
86,Substitution,0.0,,1,1,,False,,,,,,,,,,,,,,,,,,,,,,,,,,,,,,,,,,,,,,,,,,,,,,,,,,,,,,,,,,,False,Silvan Widmer,275034,/players/275034/silvan-widmer
86,Substitution,0.0,,1,1,,False,,,,,,,,,,,,,,,,,,,,,,,,,,,,,,,,,,,,,,,,,,,,,,,,,,,,,,,,,,,False,Zeki Amdouni,1067168,/players/1067168/zeki-amdouni
86,Substitution,0.0,,1,1,,False,,,,,,,,,,,,,,,,,,,,,,,,,,,,,,,,,,,,,,,,,,,,,,,,,,,,,,,,,,,False,Miro Muheim,759817,/players/759817/miro-muheim
90,AddedTime,,,1,1,,,,,,,,,,,,,,,,,,,,,,,,,,,,,,,,,,,,,,,,,,,,,,,,,,+ 9 minutes added,added_injury_time,9.0,,,,,,,,,,,,
90 + 5,Substitution,5.0,,1,1,,False,,,,,,,,,,,,,,,,,,,,,,,,,,,,,,,,,,,,,,,,,,,,,,,,,,,,,,,,,,,False,Eray Cömert,705484,/players/705484/eray-comert
90,Half,,,1,1,,,,,,,,,,,,,,,,,,,,,,,,,,,,,,,,,,,,,,,,,,,,,,,,,,,,,FT,fulltime_short,,,,,,,,,,
91,Substitution,0.0,,1,1,,True,,,,,,,,,,,,,,,,,,,,,,,,,,,,,,,,,,,,,,,,,,,,,,,,,,,,,,,,,,,False,Thiago Almada,955271,/players/955271/thiago-almada
96,Substitution,0.0,,1,1,,False,,,,,,,,,,,,,,,,,,,,,,,,,,,,,,,,,,,,,,,,,,,,,,,,,,,,,,,,,,,False,Ardon Jashari,1163219,/players/1163219/ardon-jashari
97,Card,,14229545.0,1,1,/players/955271/thiago-almada,True,,,,Thiago Almada,,955271.0,,,,,,,,,,,,,,,,,,,,,,,,,,,,,,,,,,,,,,,,Yellow,,,,,,,,,,,,,,,,
98,Card,,14229547.0,1,1,/players/690230/lautaro-martinez,True,,,,Lautaro Martínez,,690230.0,,,,,,,,,,,,,,,,,,,,,,,,,,,,,,,,,,,,,,,,Yellow,,,,,,,,,,,,,,,,
105,AddedTime,,,1,1,,,,,,,,,,,,,,,,,,,,,,,,,,,,,,,,,,,,,,,,,,,,,,,,,,+ 1 minute added,added_injury_time,1.0,,,,,,,,,,,,
106,Substitution,0.0,,1,1,,True,,,,,,,,,,,,,,,,,,,,,,,,,,,,,,,,,,,,,,,,,,,,,,,,,,,,,,,,,,,False,Nicolás Otamendi,174321,/players/174321/nicolas-otamendi
110,Substitution,0.0,,1,1,,True,,,,,,,,,,,,,,,,,,,,,,,,,,,,,,,,,,,,,,,,,,,,,,,,,,,,,,,,,,,False,José López,1216079,/players/1216079/jose-lopez
112,Goal,,14229562.0,1,1,/players/974753/julian-alvarez,True,,,False,Julián Álvarez,,974753.0,"[2, 1]",,assist by José López,/players/1216079/jose-lopez,1216079.0,assist_by,José López,2946946653.0,Goal,6706.0,974753.0,Julián Álvarez,83.2733009712,47.013503181400004,112.0,,False,True,,,31.026249999999997,1.7914736754,0.030631545931100845,0.6079936623573303,RightFoot,RegularPlay,SecondHalfExtra,False,1.7867063492063497,0.47393483476190473,1.0,False,False,764018.0,Julián,Álvarez,Julián Álvarez,,#63addf,,,,,,,,,,,,,,,,,
114,Card,,14229564.0,2,1,/players/1216079/jose-lopez,True,,,,José López,,1216079.0,,,,,,,,,,,,,,,,,,,,,,,,,,,,,,,,,,,,,,,,Yellow,,,,,,,,,,,,,,,,
115,Substitution,0.0,,2,1,,False,,,,,,,,,,,,,,,,,,,,,,,,,,,,,,,,,,,,,,,,,,,,,,,,,,,,,,,,,,,False,Rubén Vargas,860752,/players/860752/ruben-vargas
120,AddedTime,,,2,1,,,,,,,,,,,,,,,,,,,,,,,,,,,,,,,,,,,,,,,,,,,,,,,,,,+ 4 minutes added,added_injury_time,4.0,,,,,,,,,,,,
120 + 1,Goal,1.0,14229574.0,2,1,/players/690230/lautaro-martinez,True,,,False,Lautaro Martínez,,690230.0,"[3, 1]",,,,,,,2946948575.0,Goal,6706.0,690230.0,Lautaro Martínez,90.8,34.07625,120.0,1.0,False,True,,,30.797499999999996,0.5714736814000001,0.2811850905418396,0.8562167286872864,RightFoot,FastBreak,SecondHalfExtra,False,1.8472222222222223,0.15118351359788362,1.0,False,True,764018.0,Lautaro,Martínez,Lautaro Martínez,,#63addf,,,,,,,,,,,,,,,,,
120,Half,,,3,1,,,,,,,,,,,,,,,,,,,,,,,,,,,,,,,,,,,,,,,,,,,,,,,,,,,,,AET,afterextratime_short,,,,,,,,,,
