timeStr,type,overloadTime,eventId,homeScore,awayScore,profileUrl,isHome,fullName,playerId,card,cardDescription,injuredPlayerOut,minutesAddedStr,minutesAddedKey,minutesAddedInput,halfStrShort,halfStrKey,ownGoal,goalDescription,isPenaltyShootoutEvent,newScore,penShootoutScore,assistStr,assistProfileUrl,assistPlayerId,assistKey,assistInput,shotmapEvent.id,shotmapEvent.eventType,shotmapEvent.teamId,shotmapEvent.playerId,shotmapEvent.playerName,shotmapEvent.x,shotmapEvent.y,shotmapEvent.min,shotmapEvent.minAdded,shotmapEvent.isBlocked,shotmapEvent.isOnTarget,shotmapEvent.blockedX,shotmapEvent.blockedY,shotmapEvent.goalCrossedY,shotmapEvent.goalCrossedZ,shotmapEvent.expectedGoals,shotmapEvent.expectedGoalsOnTarget,shotmapEvent.shotType,shotmapEvent.situation,shotmapEvent.period,shotmapEvent.isOwnGoal,shotmapEvent.onGoalShot.x,shotmapEvent.onGoalShot.y,shotmapEvent.onGoalShot.zoomRatio,shotmapEvent.isSavedOffLine,shotmapEvent.isFromInsideBox,shotmapEvent.keeperId,shotmapEvent.firstName,shotmapEvent.lastName,shotmapEvent.fullName,shotmapEvent.teamColor,substitution_name,substitution_id,substitution_profileUrl
20,Card,,14222252.0,0,0,/players/1298186/redouane-halhal,False,Redouane Halhal,1298186.0,Yellow,,,,,,,,,,,,,,,,,,,,,,,,,,,,,,,,,,,,,,,,,,,,,,,,,,,
22,Substitution,0.0,,0,0,,False,,,,,True,,,,,,,,,,,,,,,,,,,,,,,,,,,,,,,,,,,,,,,,,,,,,,,Soufiane Rahimi,988749,/players/988749/soufiane-rahimi
40,Card,,14222290.0,0,0,/players/770881/achraf-hakimi,False,Achraf Hakimi,770881.0,Yellow,,,,,,,,,,,,,,,,,,,,,,,,,,,,,,,,,,,,,,,,,,,,,,,,,,,
40,Card,,14222293.0,0,0,/players/729506/richie-laryea,True,Richie Laryea,729506.0,Yellow,,,,,,,,,,,,,,,,,,,,,,,,,,,,,,,,,,,,,,,,,,,,,,,,,,,
43,Card,,14222296.0,0,0,/players/939569/jonathan-david,True,Jonathan David,939569.0,Yellow,,,,,,,,,,,,,,,,,,,,,,,,,,,,,,,,,,,,,,,,,,,,,,,,,,,
45,Card,,14222297.0,0,0,/players/1073143/azzedine-ounahi,False,Azzedine Ounahi,1073143.0,Yellow,,,,,,,,,,,,,,,,,,,,,,,,,,,,,,,,,,,,,,,,,,,,,,,,,,,
45,AddedTime,,,0,0,,,,,,,,+ 6 minutes added,added_injury_time,6.0,,,,,,,,,,,,,,,,,,,,,,,,,,,,,,,,,,,,,,,,,,,,,,
45 + 6,Card,6.0,14222314.0,0,0,/players/1340895/bilal-el-khannouss,False,Bilal El Khannouss,1340895.0,Yellow,,,,,,,,,,,,,,,,,,,,,,,,,,,,,,,,,,,,,,,,,,,,,,,,,,,
45,Half,,,0,0,,,,,,,,,,,HT,halftime_short,,,,,,,,,,,,,,,,,,,,,,,,,,,,,,,,,,,,,,,,,,,,
49,Card,,14222325.0,0,0,/players/1399943/luc-de-fougerolles,True,Luc De Fougerolles,1399943.0,Yellow,,,,,,,,,,,,,,,,,,,,,,,,,,,,,,,,,,,,,,,,,,,,,,,,,,,
50,Goal,,14222326.0,0,0,/players/1073143/azzedine-ounahi,False,Azzedine Ounahi,1073143.0,,,,,,,,,,,False,"[0, 1]",,assist by Achraf Hakimi,/players/770881/achraf-hakimi,770881.0,assist_by,Achraf Hakimi,2946177191.0,Goal,6262.0,1073143.0,Azzedine Ounahi,87.31911764680001,32.24625,50.0,,False,True,,,31.026249999999997,0.2439999988,0.07038339972496033,0.5986893177032471,RightFoot,SetPiece,SecondHalf,False,1.7867063492063497,0.06455026423280423,1.0,False,False,464919.0,Azzedine,Ounahi,Azzedine Ounahi,#E6251E,,,
63,Substitution,0.0,,0,1,,False,,,,,False,,,,,,,,,,,,,,,,,,,,,,,,,,,,,,,,,,,,,,,,,,,,,,,Sofyan Amrabat,593116,/players/593116/sofyan-amrabat
63,Substitution,0.0,,0,1,,False,,,,,False,,,,,,,,,,,,,,,,,,,,,,,,,,,,,,,,,,,,,,,,,,,,,,,Chemsdine Talbi,1368654,/players/1368654/chemsdine-talbi
63,Substitution,0.0,,0,1,,True,,,,,False,,,,,,,,,,,,,,,,,,,,,,,,,,,,,,,,,,,,,,,,,,,,,,,Cyle Larin,544312,/players/544312/cyle-larin
67,Card,,14222350.0,0,1,/players/544312/cyle-larin,True,Cyle Larin,544312.0,Yellow,,,,,,,,,,,,,,,,,,,,,,,,,,,,,,,,,,,,,,,,,,,,,,,,,,,
78,Substitution,0.0,,0,1,,True,,,,,False,,,,,,,,,,,,,,,,,,,,,,,,,,,,,,,,,,,,,,,,,,,,,,,Promise David,1252132,/players/1252132/promise-david
78,Substitution,0.0,,0,1,,True,,,,,False,,,,,,,,,,,,,,,,,,,,,,,,,,,,,,,,,,,,,,,,,,,,,,,Jacob Shaffelburg,1023943,/players/1023943/jacob-shaffelburg
82,Goal,,14222365.0,0,1,/players/1073143/azzedine-ounahi,False,Azzedine Ounahi,1073143.0,,,,,,,,,,,False,"[0, 2]",,assist by Brahim Díaz,/players/750027/brahim-diaz,750027.0,assist_by,Brahim Díaz,2946179639.0,Goal,6262.0,1073143.0,Azzedine Ounahi,91.6,30.22,82.0,,False,True,,,31.026249999999997,1.7914736754,0.16515064239501953,0.7886293530464172,RightFoot,FastBreak,SecondHalf,False,1.7867063492063497,0.47393483476190473,1.0,False,True,464919.0,Azzedine,Ounahi,Azzedine Ounahi,#E6251E,,,
87,Substitution,0.0,,0,2,,False,,,,,False,,,,,,,,,,,,,,,,,,,,,,,,,,,,,,,,,,,,,,,,,,,,,,,Marwane Saadane,614912,/players/614912/marwane-saadane
87,Substitution,0.0,,0,2,,False,,,,,False,,,,,,,,,,,,,,,,,,,,,,,,,,,,,,,,,,,,,,,,,,,,,,,Samir El Mourabet,1598170,/players/1598170/samir-el-mourabet
87,Substitution,0.0,,0,2,,True,,,,,False,,,,,,,,,,,,,,,,,,,,,,,,,,,,,,,,,,,,,,,,,,,,,,,Jonathan Osorio,432605,/players/432605/jonathan-osorio
87,Substitution,0.0,,0,2,,True,,,,,False,,,,,,,,,,,,,,,,,,,,,,,,,,,,,,,,,,,,,,,,,,,,,,,Jayden Nelson,1082106,/players/1082106/jayden-nelson
90,AddedTime,,,0,2,,,,,,,,+ 8 minutes added,added_injury_time,8.0,,,,,,,,,,,,,,,,,,,,,,,,,,,,,,,,,,,,,,,,,,,,,,
90 + 8,Goal,8.0,14222393.0,0,2,/players/988749/soufiane-rahimi,False,Soufiane Rahimi,988749.0,,,,,,,,,,,False,"[0, 3]",,assist by Brahim Díaz,/players/750027/brahim-diaz,750027.0,assist_by,Brahim Díaz,2946180895.0,Goal,6262.0,988749.0,Soufiane Rahimi,92.7,41.5990625,90.0,8.0,False,True,,,31.941249999999997,0.20547368320000003,0.4505086839199066,0.5922567844390869,LeftFoot,FastBreak,SecondHalf,False,1.544642857142858,0.05435811724867726,1.0,False,True,464919.0,Soufiane,Rahimi,Soufiane Rahimi,#E6251E,,,
90,Half,,,0,3,,,,,,,,,,,FT,fulltime_short,,,,,,,,,,,,,,,,,,,,,,,,,,,,,,,,,,,,,,,,,,,,
