timeStr,type,overloadTime,eventId,homeScore,awayScore,profileUrl,isHome,ownGoal,goalDescription,isPenaltyShootoutEvent,fullName,playerId,newScore,penShootoutScore,assistStr,assistProfileUrl,shotmapEvent.id,shotmapEvent.eventType,shotmapEvent.teamId,shotmapEvent.playerId,shotmapEvent.playerName,shotmapEvent.x,shotmapEvent.y,shotmapEvent.min,shotmapEvent.minAdded,shotmapEvent.isBlocked,shotmapEvent.isOnTarget,shotmapEvent.blockedX,shotmapEvent.blockedY,shotmapEvent.goalCrossedY,shotmapEvent.goalCrossedZ,shotmapEvent.expectedGoals,shotmapEvent.expectedGoalsOnTarget,shotmapEvent.shotType,shotmapEvent.situation,shotmapEvent.period,shotmapEvent.isOwnGoal,shotmapEvent.onGoalShot.x,shotmapEvent.onGoalShot.y,shotmapEvent.onGoalShot.zoomRatio,shotmapEvent.isSavedOffLine,shotmapEvent.isFromInsideBox,shotmapEvent.keeperId,shotmapEvent.firstName,shotmapEvent.lastName,shotmapEvent.fullName,shotmapEvent.teamColor,minutesAddedStr,minutesAddedKey,minutesAddedInput,halfStrShort,halfStrKey,injuredPlayerOut,assistPlayerId,assistKey,assistInput,card,cardDescription,cardDescription.localizedKey,cardDescription.defaultText,substitution_name,substitution_id,substitution_profileUrl
24,Goal,,14219559.0,0,0,/players/1285866/habib-diarra,False,,,False,Habib Diarra,1285866.0,"[0, 1]",,,,2945899261.0,Goal,6395.0,1285866.0,Habib Diarra,100.732758621,31.1025,24.0,,False,True,,,34.61,1.1814736784,0.7021912336349487,0.9879818558692932,RightFoot,RegularPlay,FirstHalf,False,0.8386243386243388,0.31255917417989415,1.0,False,True,170323.0,Habib,Diarra,Habib Diarra,#0c954e,,,,,,,,,,,,,,,,
45,AddedTime,,,0,1,,,,,,,,,,,,,,,,,,,,,,,,,,,,,,,,,,,,,,,,,,,+ 5 minutes added,added_injury_time,5.0,,,,,,,,,,,,,
45,Half,,,0,1,,,,,,,,,,,,,,,,,,,,,,,,,,,,,,,,,,,,,,,,,,,,,,HT,halftime_short,,,,,,,,,,,
46,Substitution,0.0,,0,1,,True,,,,,,,,,,,,,,,,,,,,,,,,,,,,,,,,,,,,,,,,,,,,,,False,,,,,,,,Romelu Lukaku,181276,/players/181276/romelu-lukaku
51,Goal,,14219575.0,0,1,/players/771294/ismaila-sarr,False,,,False,Ismaïla Sarr,771294.0,"[0, 2]",,assist by Moussa Niakhaté,/players/592102/moussa-niakhate,2945903359.0,Goal,6395.0,771294.0,Ismaïla Sarr,94.8684210512,30.95,51.0,,False,True,,,31.559999999999995,1.1814736784,0.3918098509311676,0.6559295058250427,RightFoot,RegularPlay,SecondHalf,False,1.6455026455026467,0.31255917417989415,1.0,False,True,170323.0,Ismaïla,Sarr,Ismaïla Sarr,#0c954e,,,,,,,592102.0,assist_by,Moussa Niakhaté,,,,,,,
56,Substitution,0.0,,0,2,,True,,,,,,,,,,,,,,,,,,,,,,,,,,,,,,,,,,,,,,,,,,,,,,False,,,,,,,,Nicolas Raskin,863869,/players/863869/nicolas-raskin
56,Substitution,0.0,,0,2,,True,,,,,,,,,,,,,,,,,,,,,,,,,,,,,,,,,,,,,,,,,,,,,,False,,,,,,,,Dodi Lukébakio,688876,/players/688876/dodi-lukebakio
63,Substitution,0.0,,0,2,,True,,,,,,,,,,,,,,,,,,,,,,,,,,,,,,,,,,,,,,,,,,,,,,False,,,,,,,,Diego Moreira,1342754,/players/1342754/diego-moreira
64,Card,,14219583.0,0,2,/players/445873/brandon-mechele,True,,,,Brandon Mechele,445873.0,,,,,,,,,,,,,,,,,,,,,,,,,,,,,,,,,,,,,,,,,,,,,Yellow,,,,,,
66,Substitution,0.0,,0,2,,False,,,,,,,,,,,,,,,,,,,,,,,,,,,,,,,,,,,,,,,,,,,,,,False,,,,,,,,Lamine Camara,1436305,/players/1436305/lamine-camara
67,Card,,14219586.0,0,2,/players/1436305/lamine-camara,False,,,,Lamine Camara,1436305.0,,,,,,,,,,,,,,,,,,,,,,,,,,,,,,,,,,,,,,,,,,,,,Yellow,,,,,,
73,Substitution,0.0,,0,2,,False,,,,,,,,,,,,,,,,,,,,,,,,,,,,,,,,,,,,,,,,,,,,,,False,,,,,,,,Ibrahim Mbaye,1593857,/players/1593857/ibrahim-mbaye
73,Substitution,0.0,,0,2,,False,,,,,,,,,,,,,,,,,,,,,,,,,,,,,,,,,,,,,,,,,,,,,,False,,,,,,,,Pape Sarr,1107280,/players/1107280/pape-sarr
78,Substitution,0.0,,0,2,,True,,,,,,,,,,,,,,,,,,,,,,,,,,,,,,,,,,,,,,,,,,,,,,False,,,,,,,,Thomas Meunier,277771,/players/277771/thomas-meunier
86,Goal,,14219595.0,0,2,/players/181276/romelu-lukaku,True,,,False,Romelu Lukaku,181276.0,"[1, 2]",,assist by Thomas Meunier,/players/277771/thomas-meunier,2945906233.0,Goal,8263.0,181276.0,Romelu Lukaku,101.3017241382,29.127380951,86.0,,False,True,,,33.31375,1.3805263090000002,0.15886707603931427,0.3741895258426666,RightFoot,RegularPlay,SecondHalf,False,1.1815476190476193,0.3652186002645503,1.0,False,True,466436.0,Romelu,Lukaku,Romelu Lukaku,#9f2533,,,,,,,277771.0,assist_by,Thomas Meunier,,,,,,,
89,Goal,,14219597.0,1,2,/players/465960/youri-tielemans,True,,Header,False,Youri Tielemans,465960.0,"[2, 2]",,assist by Leandro Trossard,/players/318615/leandro-trossard,2945906513.0,Goal,8263.0,465960.0,Youri Tielemans,98.0526315785,31.4075,89.0,,False,True,,,35.3725,1.0594736790000001,0.14163468778133392,0.6583952903747559,Header,RegularPlay,SecondHalf,False,0.6369047619047613,0.28028404206349206,1.0,False,True,466436.0,Youri,Tielemans,Youri Tielemans,#9f2533,,,,,,,318615.0,assist_by,Leandro Trossard,,,,,,,
90,Card,,14219599.0,2,2,/players/176580/rudi-garcia,True,,,,Rudi Garcia,176580.0,,,,,,,,,,,,,,,,,,,,,,,,,,,,,,,,,,,,,,,,,,,,,Yellow,,coach,Coach,,,
90,AddedTime,,,2,2,,,,,,,,,,,,,,,,,,,,,,,,,,,,,,,,,,,,,,,,,,,+ 7 minutes added,added_injury_time,7.0,,,,,,,,,,,,,
90,Half,,,2,2,,,,,,,,,,,,,,,,,,,,,,,,,,,,,,,,,,,,,,,,,,,,,,FT,fulltime_short,,,,,,,,,,,
93,Substitution,0.0,,2,2,,False,,,,,,,,,,,,,,,,,,,,,,,,,,,,,,,,,,,,,,,,,,,,,,False,,,,,,,,Nicolas Jackson,1197347,/players/1197347/nicolas-jackson
93,Substitution,0.0,,2,2,,False,,,,,,,,,,,,,,,,,,,,,,,,,,,,,,,,,,,,,,,,,,,,,,False,,,,,,,,Malick Diouf,1451265,/players/1451265/malick-diouf
95,Substitution,0.0,,2,2,,False,,,,,,,,,,,,,,,,,,,,,,,,,,,,,,,,,,,,,,,,,,,,,,False,,,,,,,,Bara Ndiaye,1798782,/players/1798782/bara-ndiaye
109,Substitution,0.0,,2,2,,True,,,,,,,,,,,,,,,,,,,,,,,,,,,,,,,,,,,,,,,,,,,,,,False,,,,,,,,Amadou Onana,1185748,/players/1185748/amadou-onana
120,AddedTime,,,2,2,,,,,,,,,,,,,,,,,,,,,,,,,,,,,,,,,,,,,,,,,,,+ 4 minutes added,added_injury_time,4.0,,,,,,,,,,,,,
120 + 5,Goal,5.0,14219612.0,2,2,/players/465960/youri-tielemans,True,,Penalty,False,Youri Tielemans,465960.0,"[3, 2]",,,,2945912105.0,Goal,8263.0,465960.0,Youri Tielemans,94.0,34.0,120.0,5.0,False,True,,,30.797499999999996,1.6245263078,0.7884,0.9887836575508118,RightFoot,Penalty,SecondHalfExtra,False,1.8472222222222223,0.42976886449735446,1.0,False,True,466436.0,Youri,Tielemans,Youri Tielemans,#9f2533,,,,,,,,,,,,,,,,
120,Half,,,3,2,,,,,,,,,,,,,,,,,,,,,,,,,,,,,,,,,,,,,,,,,,,,,,AET,afterextratime_short,,,,,,,,,,,
